<?xml version="1.0" encoding="utf-8"?><feed xmlns="http://www.w3.org/2005/Atom" xml:lang="en_GB"><generator uri="https://jekyllrb.com/" version="4.0.0">Jekyll</generator><link href="https://web.fe.up.pt/~campo/HEMOSwimmers/feed.xml" rel="self" type="application/atom+xml" /><link href="https://web.fe.up.pt/~campo/HEMOSwimmers/" rel="alternate" type="text/html" hreflang="en_GB" /><updated>2019-12-22T14:32:39+00:00</updated><id>https://web.fe.up.pt/~campo/HEMOSwimmers/feed.xml</id><title type="html">HEMOSwimmers</title><subtitle>Research project at the University of Porto looking to analyze and understand the complex flow dynamics around 3D microbot's prototypes, along characteristic geometries of the human circulatory system.</subtitle><author><name>made slowly</name><email>arran@madeslowly.co.uk</email></author><entry><title type="html">Towards Automatic and Robust Particle Tracking in Microrheology Studies</title><link href="https://web.fe.up.pt/~campo/HEMOSwimmers/publications/publication/" rel="alternate" type="text/html" title="Towards Automatic and Robust Particle Tracking in Microrheology Studies" /><published>2019-09-22T00:00:00+01:00</published><updated>2019-09-22T00:00:00+01:00</updated><id>https://web.fe.up.pt/~campo/HEMOSwimmers/publications/publication</id><content type="html" xml:base="https://web.fe.up.pt/~campo/HEMOSwimmers/publications/publication/"></content><author><name>Marina Castro, Ricardo J. Araújo, Laura Campo-Deaño, Hélder P. Oliveira</name></author><category term="Book Chapter" /><summary type="html"></summary></entry><entry><title type="html">Pressure Tap Influence on the Flow of Viscoelastic Fluids in a Microfluidic Channel</title><link href="https://web.fe.up.pt/~campo/HEMOSwimmers/publications/publication/" rel="alternate" type="text/html" title="Pressure Tap Influence on the Flow of Viscoelastic Fluids in a Microfluidic Channel" /><published>2019-09-01T00:00:00+01:00</published><updated>2019-09-01T00:00:00+01:00</updated><id>https://web.fe.up.pt/~campo/HEMOSwimmers/publications/publication</id><content type="html" xml:base="https://web.fe.up.pt/~campo/HEMOSwimmers/publications/publication/"></content><author><name>T. Rodrigues*, F.J.  Galindo-Rosales, L. Campo-Deaño</name></author><category term="Oral presentation" /><summary type="html"></summary></entry><entry><title type="html">Pressure Tap Influence on the Flow of Viscoelastic Fluids in a Microfluidic Channel</title><link href="https://web.fe.up.pt/~campo/HEMOSwimmers/publications/publication/" rel="alternate" type="text/html" title="Pressure Tap Influence on the Flow of Viscoelastic Fluids in a Microfluidic Channel" /><published>2019-08-21T00:00:00+01:00</published><updated>2019-08-21T00:00:00+01:00</updated><id>https://web.fe.up.pt/~campo/HEMOSwimmers/publications/publication</id><content type="html" xml:base="https://web.fe.up.pt/~campo/HEMOSwimmers/publications/publication/"></content><author><name>Tomás Rodrigues, J. Hermenegildo García-Ortiz, Francisco J. Galindo-Rosales, Laura Campo-Deaño</name></author><category term="Book Chapter" /><summary type="html"></summary></entry><entry><title type="html">Particle Tracking in Microscopy Sequences for Microrheology Studies</title><link href="https://web.fe.up.pt/~campo/HEMOSwimmers/publications/publication/" rel="alternate" type="text/html" title="Particle Tracking in Microscopy Sequences for Microrheology Studies" /><published>2019-07-23T00:00:00+01:00</published><updated>2019-07-23T00:00:00+01:00</updated><id>https://web.fe.up.pt/~campo/HEMOSwimmers/publications/publication</id><content type="html" xml:base="https://web.fe.up.pt/~campo/HEMOSwimmers/publications/publication/"></content><author><name>Marina Castro</name></author><category term="Thesis" /><summary type="html"></summary></entry><entry><title type="html">Towards automatic and robust particle tracking in microrheology studies</title><link href="https://web.fe.up.pt/~campo/HEMOSwimmers/publications/publication/" rel="alternate" type="text/html" title="Towards automatic and robust particle tracking in microrheology studies" /><published>2019-07-01T00:00:00+01:00</published><updated>2019-07-01T00:00:00+01:00</updated><id>https://web.fe.up.pt/~campo/HEMOSwimmers/publications/publication</id><content type="html" xml:base="https://web.fe.up.pt/~campo/HEMOSwimmers/publications/publication/"></content><author><name>Castro, M., Araujo, R., Campo-Deaño, L. and Oliveira, H.</name></author><category term="Poster presentation" /><summary type="html"></summary></entry><entry><title type="html">Towards an optimal pressure tap design for fluid-flow characterisation at microscales</title><link href="https://web.fe.up.pt/~campo/HEMOSwimmers/publications/publication/" rel="alternate" type="text/html" title="Towards an optimal pressure tap design for fluid-flow characterisation at microscales" /><published>2019-04-02T00:00:00+01:00</published><updated>2019-04-02T00:00:00+01:00</updated><id>https://web.fe.up.pt/~campo/HEMOSwimmers/publications/publication</id><content type="html" xml:base="https://web.fe.up.pt/~campo/HEMOSwimmers/publications/publication/"></content><author><name>Pinto, T. R., Galindo-Rosales, F.J. and  Campo-Deaño, L</name></author><category term="Publication" /><summary type="html"></summary></entry><entry><title type="html">On the hemodynamics around 2D microbot prototypes</title><link href="https://web.fe.up.pt/~campo/HEMOSwimmers/publications/publication/" rel="alternate" type="text/html" title="On the hemodynamics around 2D microbot prototypes" /><published>2019-04-01T00:00:00+01:00</published><updated>2019-04-01T00:00:00+01:00</updated><id>https://web.fe.up.pt/~campo/HEMOSwimmers/publications/publication</id><content type="html" xml:base="https://web.fe.up.pt/~campo/HEMOSwimmers/publications/publication/"></content><author><name>Pinto, T. R., Galindo-Rosales, F.J. and  Campo-Deaño, L</name></author><category term="Oral presentation" /><summary type="html"></summary></entry></feed>